question_id,image_id,llama_answer
22jbM6gDxdaMaunuzgrsBB,461751,Cigarette
2Aq5RiEn7eyfWjEbpuYT2o,377368,32
2Br4bJfKY7SQM9DECrqqeG,563603,Pond
2C8riXpRLX3CyM5jDz23m7,329542,Whipped cream
2DQex53EkNGH2cfo3WPuPn,182202,Cell phone
2GhdXLaZFBYHSip4rvYKfK,198960,Sheep
2LCLpdpD3yy2dgH5tQbcFe,257169,Dry hair
2N5sYXgyFqbDnuUhJFAWr5,4795,Rough
2P5mVJc5a6DcCN9opV92FJ,341196,Crouching
2PGwvdFESLvwfFCwK5pbYu,163640,Jeans
2RN4dwhRZR3ZSKHtRnJdX3,71711,Usa
2U3SiXdyEgJBHNThL4YbPz,117425,Candle
2YfYkRjcnnsVzjycPehWPA,250766,Tomato
2etjUMchktfSY5fgGg5msL,147415,Tissue
2oPzCyj5FjrKtBLjGZH2rF,434459,American
2rC38fZh4n6ZXcyrUEKukj,421923,Books
2sUggWn8qBk97E38wKpjN5,245173,Afternoon
2vGs6CLETM2BJPstdHjku9,407960,Eat
2wbNBVZMGZnVpYohDAed8d,405691,Dinner
2xDeTCXSRqdhvREBDhHsMx,180878,Icing
2xn24MrfJ2mLJC7xDBGUJA,470773,To look professional
2yWyzYRyZuYH2ZB49WNACa,185250,Frisbee
2zTqTkKqa89GUKLzMUkDic,519764,Dog
34ah8AmQenWUyH2fZvJH7a,562818,Ski
399Vdu2QjamF3vheUvbRg2,497568,Airplane
39CcpmwATuiwiZLZo3XMuv,47121,Down
3R6SnZ4MRGXXvao5ARVE8e,485237,Tow
3SKKn3bQ4xhiDpkesifdod,445792,Japan
3X8TsFBRS7mBsBbyFDzRdb,312192,Spinach
3asRExdxmWQtJw4sv49AGZ,55022,Bike
3cCvfCWnLfrmqYEaFzb2Xm,139099,Market
3echacwmLBUByWpjh85Mfv,308394,Bag
3ef8KXbKoJaJZyVmxVZMaq,200421,Happy birthday
3hvf4MjtcgpFznUWS5bbvj,370270,Baseball
3qnvp3XRGpc5L6RMhRZ3gg,547816,Shampoo
3vbWi2p7C9SSUHWSdbMYbE,195842,Boxing
3w3DT989GgT6yjqurjvmt6,485480,Hit ball
3zxLUD8FPcCLJWYsG7h2KY,156278,Kitchen
455nQuaxbURN5ofLfbCqfq,286994,Dirt
45ZJiwQ8E4sqUTyJSUzEN3,212559,Wood
49CisPCc2LiA5TUAdHZgXe,463522,Horse
4BFN6MtJcaFzpccm3UwZva,229358,Bathroom
4C2cZitDfGX5ytw6YTcxiL,127182,Stove
4FBqxbmT4zCDwWzm3gH7LY,153632,Meat
4H7KMfvPvCTSvtf8Uyp55D,217285,Gatorade
4HXTUJHey3SSzuoE66yHKi,149375,Plaid
4PvLY9C3GyARH3WSGYbYFq,104612,Asian
4U4iSWxvXv9RtE6V9KpxJo,502599,Us air force
4UrYfZMUToiF5f7GK6eMaz,511999,Safety
4YvFMFoDw46kzXhajSgc9W,242060,To eat
4Z7WvuLTj7VUpVtLL2W2g7,383443,Pedestal
4cdYbJFFeKXJr6LbKgcxTa,176799,Skate park
4dnt6ahNTCENKrvBhExyvV,287874,Yes
4iV8UfNJs7Wy6XAt9SHMVJ,521509,Bedroom
4j6bW4ChHncMKUnmnGAQQ2,208363,Party
4jnshoBeGDGmRjspTuvr29,214192,Motorcycles
4mgcpzD4d6adkPQP7cxg54,338625,New york
4t5DcDdFbw5x9PVRKis5AQ,8844,Smoothie
4wVv7CDVuQNaz7LLHDg89t,259830,Motorcycle
4xBq7ak8qCE92z8vddKXtu,528578,Left
4yd2xqYxWenwSYEucHnNXR,456496,France
4yq3AnREQ4PP7MXMWvBb5a,50896,Christmas
5AhBQW2ucGSwJbPTtXHTFd,82821,Canoe
5LTzpByXwsWGViYAXqiVEX,548246,Tennis balls
5NysKUokKJcrFfUcBbr9Vo,142790,Fall
5QURaRC8e3HjPpYC2GrX4u,27696,Pepper
5Re4MQxw5XwLbQQzqQVZcV,528399,Soup
5S32A279iAfRetbkeWJd77,383289,Car
5SgmGLJtR47rB539V4Jwt6,433204,Safety
5TbBvzzr5N35YUs7yBd7Ah,419408,Pole
5XBmJitjSm9g7SQqNxYpe7,216497,Island
5Y5u3gnReRQbzkRnGw5ywd,574702,Brick
5aRkxnYoakzDQFyDGb9qJ2,86220,Greta
5aXXZiPUcUzScs2do5tjYs,277689,With roses
5cNGmGcUxJP7rwHnc6BXrs,144932,Buoy
5fDUuYWCZMudfXVEPywFYc,386352,Woman
5gQSkSh2eK3ZZ8bEyweBiA,286458,Travel
5jGPL4u8JFHkLyQCG354uG,99024,Kite
5oBisjqVjcXEXGkd2uKPDe,271116,Cell phone
5wfUGvXtyEw22kABjGaHxT,34205,Mushroom
5z9Zmf4GRKoCa7igqv4Ef7,115245,Travel
64o6jMUzFmawogFAYnhNoh,455157,Camouflage
64yPpMFbTw3CnmTULYZWTp,456496,Paris
65Sfsx6hqdJ5UqNWLB3RCG,205282,Africa
66abRGQG535WgzgU5Ue9ru,472375,Garage
6EzruBdkEgwx74NmrhoyBV,36494,Window
6FKSZrTS9wzHwnKasBSfdP,314182,Dip
6HizsyvwUgduwabP2dWha5,258793,Sun
6J2yw53YiEDoNpMSt9mSsC,170099,Business
6LfBvcynQvD7BaU3CCvfNG,577976,Building
6Ps8BgA4pbvK4eKToCDQqu,41872,Fireplace
6Qf2MxVMdHGnxrEZ3xGn7Q,511321,Cloudy
6QuPF6pNBjs3DEXQh4AQt4,137576,Eating
6SYTPwk8BEHMp486oLsFgw,293245,California
6YyPKdGwhA3LJkUpL3p9F6,516601,Skiing
6bXnCzchqyDdBZcBGGNbmm,100624,Downtown
6fCWweqmigW6UaiyaHq4Sy,434548,Pitcher
6kgVidVJRysLz6Rx3eNBZi,77396,Living room
6kpEuXnXz4ghWMLLBcRjmf,314251,Parking
6kv3CWDoRDsm2DnUCHRgmk,446522,Kitchen
6nV6KKMbWYsw8Rv9Sw7k2N,6771,No one
6ony7mfRzE7tEhj5udEe5u,560474,Car show
6pLYuYn5suAGgoBgJ4Z6HC,23126,Riding
6pTSACKywJKkVRa7WGmzKe,579970,Green
6phsfhJ9iw5j6nYTpVBd9A,87144,Parent
6vnibNuMQyy5nWAxNEGTgj,117719,Alcohol
6xTMCHe4ABbm6NDntoEkLJ,274460,Palm
73ixwXaUcqfgsJYLzCABWC,553221,Kite
73kd5sUo4zXkApi6v4X8Qc,259640,Mexican
74CMNF7KTeAFsXza5GJLGb,88462,School
764XKetFB6T3wsiABqc79e,113589,Square
767TWXi3wYjFiBX3YXyMuU,148957,Glaze
79yRxKFXwWZZiCBAHtJqeE,151000,21st
7CWwGUgRqbPEiGcZEzFVEF,195918,Tiger
7CrtnvrK5CTs6c9RC8WgPB,148719,Dodge
7DWnTRkU9e86XMwb7QqxYd,313783,Grill
7Hndh7JzZ7BizC4XDSV5Z5,403817,Tabby
7KNmiZTYRQBHMJKJ9zkAjR,169996,Traffic light
7L2zGA6XFJrPCfLJCwBrww,68933,Eating
7NXz8t4QzQWvJzpHqfPzRw,549390,Spectators
7NbKNXQWBYJ8HTRo2J8CoU,423506,Vest
7NxakvvZZEHKsh8MbNHHvz,132375,Jar
7RjA6a3CFR8w5fVRc8Arji,493799,Vegetarian
7ViVwUt2pnJxqcZoeTc4TR,378515,Bananas
7VodQFaYKxhUwQ5tpFSkRo,463527,Sauce
7Wj97TEQc4fnsxvvsbnUXH,434297,Broccoli
7YTajnBGjXEmwuYjmsXsdX,16228,Carousel
7ZA9sk8eRjBsisqK4EgQM2,368900,Picture
7dxcZiZowsAK34QswVhXy3,79229,Warm
7hKGdKpiEqfqB8dEeAw9hu,442480,Rainy
7jkWRB4pt8ZordP6wDAvbT,514508,Tv show
7pAKkw446jdqTk9peDKjyY,195754,Basement
7xotSD89TZKNHK4rMZLzfo,315001,Seagull
82bLyanbdDeEq6mkVa3YGM,495054,England
859iiHHEi5eRJHipVattDU,112298,Tennis
86vHZcPAsgzHoG4VL93xqr,457559,Red
87sGM3r7nnhwncMAKMtbuo,510329,Laptop
8HQ9sy9TdK4XZffkkhmtRW,346905,Tusks
8KFq64eMdw4qeAp2JXe96r,448410,Waiting room
8KqQoveNzvvZSgxxPeepUY,226802,Bus
8LVHUcGX7daYbXPh59c8pW,84752,Jet
8MMdCgrej5iBZ7PitRYrt3,180296,Doll
8MrFkkmRAk7E8ccS8FPZ8S,330790,To ride
8PZriuWuwokXCriqVBZwSJ,458109,Tracks
8Q69Bei8UReA69MSuQAcLT,403565,Picture
8Qivn8LXSmWYmn7zgKGiw4,36936,Speaker
8R6BwQYURjKQu4FPYr8TpL,514376,São paulo
8RDETmscMEEsHh6Sbekaa6,512929,Smile
8SzR5UpGtrsFWoxheZ9SkE,556000,Wii
8dWqzZJR3MvHHSGAAzAEJy,34139,Investments
8enBCTrMj57db8JVq9wyPq,567898,Orange
8k5Wnk4jb9ZzTN8EHrqNS3,172595,Tissues
8pfeZwe43HT9mMjVmdZhzm,210030,1
8qqTsLQFXdEDT9oeVgZekp,378453,Dirt
8spFMseWd5TyYXt4LygCE5,384468,2
8tjSG5kCpUsF7QaQsPoJcG,132931,Omaha
8uQHFZsgJwvQPuvYs7reMA,228942,Driving
8vnLAkEcA5mAC66h59f4dE,185472,No
8vuMQFQGMNiU6TcoNUNe2U,162035,Advertise
8vzpRWS6dDNrFCouzebMm9,201646,Wii
8w7GuH4PjCommJcwHaGge6,15517,Factory
8xMtKKAZ5RHWjwMgCuYjWV,177213,Cheese
92HRqF8nimMzat2iydhLAj,87476,Learning
93rpK9LLNQ8xmAPrEGm3rv,267434,Stone
99Ra8z27K9FLU2u5acKAqp,488664,Train
99VEZ5bvSGBLWtkpJiAAXg,530061,Eating
9Fvp6un9Bh9va6z5nz9k74,243867,City
9HoQP5bpke2rstGjD8AG7Y,382696,Dishwasher
9J5n2f4j4R4B9t3c6MPSi3,561889,Chicken
9KA8dr22Hiveh2s9JwvPLZ,459396,Ear
9PGPr3vxBAb9jyWDiR9ous,134112,Hp
9PZxoQZCdEn8VijhqTfENe,174123,Fork
9R6ddmMNiye654hqqPZ2eE,82085,Decoration
9R9Ef5J6eaJzSHvUEkBkgq,13923,Dog
9TJtRYnGa8xr8CF67M5Mof,407083,Cat
9TbmZ3Qq4paDv4AUeXpLEm,338560,Paint
9VR7RNoJkVj6AWsYtwpDz7,389381,Healthy
9Vcrsyxf2zbSBauWavQbju,420916,Man
9WmbdtPjrRDvD7yeHYr55d,349860,Striped
9ZB4WcL9Sbo3L6ZPkaqzKY,276285,2
9agpK8NJBKhb2vcWiKXRi7,223182,Water
9d7StqUZPtRBbHjSDFwwqa,2299,Friends
9fX9oZHdEtHPfWbHi4BhwA,365521,Vodka
9m5dBgT3PJrhWRCDg9ee2z,284725,Bus
9mBjXaxYD4jzJptHzwbeYW,579070,Plastic
9sqHw3RioVzmBGcxbMqBDM,369310,Brown
9v2zVc4N5db5pVtYvrVEeD,53994,Coin
9wkHkHDXGGtbJwvLAcXSVs,66841,Toaster
9zfgVSEG4hrKHfuoe4tHqx,20571,Boating
A2uU9gQWJp8Z3LJePdL9u8,236599,Dresses
A2yJNQmbyDNtQEq4b2EZWx,508602,Flew
A3zGJC9ryU4EkHzywEGdJn,2431,Wine
A7MATFYMiNxpWLN7ucoWmS,408696,Bathroom
A9Pk4Az2eRMuSEgB8GnUBU,183049,Self help
ACMY4KCmBjXQNimvG4dJhA,91406,4
ADSaLsXSNftfMMYWMKKqCS,340175,Living room
AGorRcu8xFxfMHzdj6nxuV,408112,Military
AHYLVWQ4whMVkWeDJiisi9,262048,Sand
AJvjHZ5SF3hD6C3eYniXsc,476215,Plowing
ANKUidMb7wYYN6GuJ8eERw,24243,Refrigerator
APKEVGn8hXAWmsWYxQQukD,557672,Sun
AQQMsV5n7NGgths6DjtJcH,528314,Color
AR5jScMLqmYDjzmKHxKzMT,249129,Christmas
AScfHhLUR7uPGS4TV6VpbN,334555,To keep it from wandering
AXvcbZSCWScQ9hb4hjB4si,48396,Batman
AYNy264QNVzJ6rgeCkW4SU,500478,Pitch
AhrmUB8LFNXLkpiLGaaAuY,79969,Serving
AiqztJZtJ4dNX7XYnu8rYU,467776,Cow
Ar8D5FwKT47LcGDqJXXLjK,21839,Eat
AvSkehQk4bMedgX65PDsAj,393469,One in brown
AvkwREzm6e6NBB6ERwG4ws,515828,Us open
AyYa5v5HCXAjDeLXgP2CN5,507575,Jacket
B725pHrrknZKDAqoLBjeof,407825,Apple
B89EaRFhsoHzAy55JKCZJJ,12576,70
B9XREx57Gw3BhJfjEg9yib,210394,Tata
BECCJDkBDxrjtJNK7NGXQH,523175,Carrot
BJxwGHyivgHAjykCUoSUXo,192871,Grocery store
BNpoJaz9Qu7KQ87FoFfRab,132408,Plow
BPPnGELjMEGtrmqgkrBt6V,296284,Metal
BQYQHxqKeExvS6GyHbBLjJ,520707,Airport
BRxXgf2dHwtY3SuRcmvv8Q,155341,Car
BSZ9GqpZWjmXRxdbn5nTjf,224675,Kite
BSgG9C63esRw6W3Tw6rBbu,192964,Skateboard
BUpdAEWaMUZK8AKRzy3vBQ,280930,Mother
BWmRhAFKF4KHK6QqPKS5Q3,413404,Trash can
BaNWccWHEXHgtdo2h5795T,460229,Stop sign
BhVeP3bxgcP5SjZLEfrm9y,86755,Snowboarding
Bja27MQDKfkiPDd5iSER6Q,223738,Hit ball
Bp5VwMuky5fXJPzp54X6XE,466986,Restaurant
BpLgWvp3a7WEzrsmnpQBWT,14439,String
Bq4zFDne6edPRs7sBBMEad,184791,Orange
Bu9pF6sWajjGr6XDi4rb63,461009,Tree
BuWxzrpFRXqSj8UjZannxM,391722,Baby bottle
Bw5zPLf2EX7MjMakQbxdAV,53529,St patrick's day
BwNg9mG4uXsALtLg2ztFgz,360393,Yeast
C4iGaNrPm4zXWRgxL2XdRF,97994,Dinner
C5KFJtK2qiQ2gMC5WNsdnB,227898,Driver
C9AXp35Pm8iw5MANqbWmyR,293625,Wii
CKSUnA8f2e4FZyu5pXFuhm,465718,3
CKj2DmTDPa2HMKUvU9d6RN,146667,Scooter
CKoy38QkqTRSirL8yyeimY,268378,Plate
CMPt5xfqSyHQoFockxCWux,213033,Rain
CQ7rcUkY5B9MZfB9yoU6ei,572462,100
CRvFM9oRe3ELNUegmzDKHv,93261,Fly
CTrTbwL2BtnQqY9vjiEiFF,7818,Wine
CTzwocs3uGc2GjPFZG425g,148508,England
CVVWeSyTpmWdozRWra6qbu,485844,Kitchen
CYVZymNaQk6gd79AKNefqh,432898,Right
CZgeF3Cuso4bf9DbbmxZan,61960,Woman
CcD6HgxREVqanqLnSysBTr,29675,Mustard
Ce788SudmyHCPCCvyXs2kW,224724,Tokyo
ChoLNyVYCocjeYqDJQYMoe,232692,Water skiing
CjTrsVaGpA8tU9gav5uAkC,63965,Heart
Cr6fmmEARGDPSbQvpNN4xY,450488,0
CrTrpTaqCFB2AYxne8FFyw,194875,Motorcycles
CuqeFPuPUXRxjKnTomsz4x,398203,21
Cy5KPSnpjZdbRiQsbPug95,15956,Barn
D2nH9ADi8U2ATp3ryKnDvb,348488,Driving
D5wkZcANAvQPLDQHLMV2TQ,527616,Talk show
D6DfPGuGowm35cTuQhvw4s,546823,Horses
D6q9dXSUpTBgDkWi7e7dYS,3661,Banana split
D7y9SSbRuVzVfJGiAinTx3,309655,Balance
DAEcXR5DWNgEcEVRqA4xFS,68833,Microwave
DC3qACi5rhmWU8XzM5Vdvy,17627,White car
DKLAWnnRuvz8p7UrHGzQzK,500257,Airport
DMGGczBdJRXHqZitoXSjSy,51938,He is jumping on the red pipe for fun
DNGTUpUeLqmbKUNNns3kZs,67310,3 feet
DPtUMrxDbLP2nQ9yUdmvkT,224051,1
DR94rYWve8KwpGjAtovqZt,296231,Spiderman
DRLyePKKPxvXEDiKygRjjt,514586,Little league
DRjvqC85oQS6p6Q6fz6CdY,88345,10:30
DTAw9Vu8CLWbzUAg6m8okx,398377,Phones
DX4bBD5XMPxQuu3hqWAdDW,383337,Fat
DYEPfA4NaMDK8Dj5qW7AAE,564280,Living room
DbQuf7wY2JtaK4aonapJXt,479248,Singing
DbTAWKt7kZTzG8Xsa36K6R,377946,Cooking
DcKwtSxfdjTch9RvAuEpNH,289594,Houses
DhYoususnAa6GHBnV7UkZ7,37740,Keyboard
DjXHKc7B4xBT6qMsDFXXjt,173383,Tea
DpnK7HeBvBiVtVRCiDJxED,183437,Yellow
DwKTiqQxFH5Ei2cQGR3Y9U,455267,Wok
DxR6agStFKhyFqTSYRUgPa,346968,Uniform
Dy2TUremDDZAAQrkx5oPnB,379476,Candle
E2Vuut5upXHFFVxEk8kHvM,450303,Students
E6oDJ9maBhuvp2wvnBXfCH,7991,Knife
E6vGrKzLTzqabYt55Ksc2N,400815,Yes
E7LafAUEeJM9NiMjemXwRW,31269,Zebras
E9JLQaGpyoZudcYaQCrzvA,231831,Desk
E9Tea7kyCg7eW4bPeT5W83,170670,Yes
EAHmczQURaep8SJkvhYCje,415990,Fence
EAWGdocBoaqPxLQuJ3UJb6,157756,Winter
EAYTJseBUauGLMkCTZdhtU,292082,Man
EBfqBBCf7yRtTtGhsc52Td,464824,Striped
EDFzCznf6oQmdpV8T8S7vU,125572,1
EER9xudvx7aG37Zbaewxkw,523782,Pepsi
EF29EeN2WxPcuEMDavijXb,27768,Bus
EJ5nAfveNYp6rFYz46Dqkw,463802,Television
ETucTwACABQrgrZujBsiQq,463174,Backhand
ETvPS6xXYPupruZTU3pf3F,484029,Street light
EZr7FwVY2S7FggmHpHxCZK,226154,Concrete
EbanZVDGxGTAinaVAiseKZ,140076,4
Ed662HvZeisV6Mzxs2S6bj,375278,Travel
EdDpJngBTrp6Bje83yQqDc,360137,Sunny
EgJwLz3i9LPpmSLpFLRjMM,150265,Headphones
EmU9DKov4EwRDaZuKvzAXj,275749,Beer
EohV983PdD4udviqEUgU3D,576566,1
EpwwuobLzGLWhnbXAjbw2x,26204,Electric street sign
EsctZHEwzyvi6A7K55acJq,453001,Clothes
EtRReER5fXmbnTmQTzM7Di,73946,Bedroom
EueF8ShbQJHpynE7TdNGRG,370208,Sneakers
EyxALxGEvCyePSado4wnJL,119452,Orange
Eyzb8SKxYzzJuegL3tkwga,445658,Cotton
F3q8NaAw4x5Lc7KhdgvoDy,333772,Computer
F5CqqWCtosWowj39Kchh9E,489014,German shepherd
F92aSsSv7ZAtXnGBVREhqq,363666,Breakfast
FAgxg4yMBGCmnhc9FTTxyq,438907,2
FCACCnmERAWpKikUkfc5jV,318455,Red
FCXFfhVqdfimMXqx3Vx8b5,508586,Zebras
FDVQDJDFkV3tWkfTvrnAFy,540280,Light
FFhuFfMAy38Z7WWr6q7faA,457078,Child
FFw7axjcwgXQxHygov52fm,26690,Nothing
FG6kmHCaikmwGGpw9RhpSD,189820,Man
FHmsKMqftMV2bbhT63TCep,116825,Knife
FHq2UjmQmmZbCvD4wDJwjH,480021,Glove
FNM9a4zAgBwoRawSUrMxPB,466125,Panda
FQuJEPNnrznkjkvyN4UbUR,220732,Nypd
FWFywCJZaAGVJa2FAuwqyP,289059,Adidas
FWokXQxyNdSctoKKriQTqh,530854,Rainy
FWxu3Lu6FiTr37WCUXdKM9,16598,Take picture
Fah5Jtkg728bXGLKKjgwjV,17178,Sedan
FddDsTHeVp9WJYZBjLoKUi,448256,Gravel
FeTsEoSpyGhqi8ui4i8tTy,350023,Build
Fg53NYDDkdBe9AAbXNb5df,122166,Van
FpJmgAqdqfRjUe6axsFMhs,36844,Cool
Fq7RXZuYTk7pKt4gf6Fvm4,521819,To catch frisbee
Fr2NzFhfutw8k7CpoAGnW8,442323,2
FrMujHaugfA8T2uMPEkckf,549930,Rain
FtGwEGsss4Cqe38LrFBgj3,189806,Floor
Fu2ZLJDqhQqxBgT7KdAavf,458410,2
Fv2hy4qfFdd847B3xEcPz3,551350,Dirt
G2yKVAzRGRB5RHtxxMsySP,221708,Tile
G5UFNWEn9cZH66apuAaxQj,37777,Morning
G7durJhNy8kAYScbWXjvyQ,281447,Field
G9KXrAd6oRksj8Jqd5hcyo,379332,Serve
GDYFtTMthQh2SHrVrKvynR,42296,Ball
GDwYLbrCSgTVjTMSuJQFgX,448076,Red
GGnMBYFpNz6ukDqFQ7Cdgx,569030,Cross street
GRTvSEaPgGtjRGvoED7S5E,571893,Tea kettle
GTZGtuDSqd76CSi8NDrEKx,389566,Road
GYERWEzeTRB8TqAZXguSbG,490936,Cover
GaMNX53oAdZUoytgminHKh,556193,Blue
Gd2FCTGcKM4yuJrprWpsyp,71877,Wall
GfXMvDmY2rQYcnA8kLrFvf,200252,Shoes
GhbDi6TH7F8tykDJvovapH,565012,Time lapse
GhbJVpKaUP7PmgNUiwq2VA,535578,Green
GkrGRjhVED6WinovPED8iZ,11511,Statue
GkxEs3oBggLe4zY9XmJZaA,135890,12
GoBun4WYj2oK6vRihjfEGv,32334,Wine
Gr2guph9meudkWEM6Gbpwr,280918,Electricity
GrkdG8hexJX5weRDGtgQNj,513181,Ferry
GuEXoRNmgAED6SJqUXtHhA,152740,Cows
GzEbcQExF4cHmrhk7rdnce,300341,Wii
GzwDohFGAzDgkHBGFKfCTF,560011,Keyboard
GzzLtA4SHJS9ymFa6Zrw77,522889,Serve
H4vJVSnFkLQaJVgHbJSVob,46872,To be transported
H5BWeWuYriU6bmUwUPKtGE,463283,Glass
H5ij2UADeZudHffAeLzw6z,148620,Apple
H6NnKaLeBganALK78FdQq7,484351,Usa
H7Pz5njX8cDqfXoLU546ym,343149,London
H7QnkgRHJJYQpjyyG3Szfc,451308,Hand
H84RC5rtsFPxCmNS27jbHf,504074,Smoke
H8KBdToKYoc2D9GPVE6mds,281929,Bowler
H8bbnrXJwvzCPyGsK48h8c,450303,Classroom
HBocRDMRkRehHhDX4BnCwq,520832,Loafer
HGUuQneRyMcmypY3dX7XUi,425226,Apples
HJeQNjpkTJrL7EnPntSa4w,545007,Analog
HJh9bXtpMyBNmsmBa6CH4p,570456,2
HJsZ5ZgnFUZ4Sik8UzeCYY,274708,Front
HM4obw9fQyb3aPheZjgtqq,350003,Safety
HMuwvp694v2XuNGWtSht8h,353180,10
HPZPYitwJBDrLAkkGa9AJ5,482800,Nike
HRRChNRZfHh9JRVSVaZvt7,137294,Oven
HVw3M6ynyrfGd6UNNGLDyS,18491,Home plate
HdyKrZXRwibeYWRs8Qnkhe,56288,Turkey
HmwKHh89ZFtLUWCExGKoLw,97337,Pillow
Hnor848pYZFWrEeYWfuYCF,109976,Coffee
HtgRjokZ8ucLVCRGLEKkFS,578489,Stripes
HvqzXR3y2V29n55RRarBQA,95862,To catch balls
J4WUAZW5eUveUgDRSq3r7y,461405,1
J6Kwvdi26GWFDHeADMXSWW,182162,Helium
JCLA7VcpiUFhSr4WfS22EA,491867,Afternoon
JG6LR7gqcbcDvbrwYiZbnj,224222,Balance
JGXXqdncT4kgE87XSYDEH8,214224,Pub
JJPVhVK8EvZNsddZMETh6v,433774,Weekend
JJmTumn8HhCZdb6sNWftWr,291634,Blue
JK2iuDmUfAfGyyNaUnWZgK,74058,Fisheye
JKfRNnyDQBfsZrkokU8uQa,520324,Airplane
JLeJRnVgCAQDSxhnN2LLGU,297427,Donut
JR77UNbyj38mU3p6Ku6Qn8,579900,Broccoli
JTLLmy2W6V6VETwzhkgDPh,43581,1
JTUjHvTpxRzo2TtJWiCzUy,129756,Herd
JTpPkML3VmfSm8yQwMycuL,234607,Happy
JUxJmYmJuhcFMBwKdHRTj9,276720,Medieval
JYWg9aVznMs3k9DbgYYj5a,39551,C
Jd5ZtcGspbFr8SHETgpt53,293324,Square
Jo6cB9daaqeW3nwSc3Sv6E,450758,Giraffes
JrdpzYcvRc7YKAyviTTEWv,40036,Jockey
JuxtrucqNyPwRLsANkhiRw,507235,Asian
JwnCRZQToshydgQiSHz6Qk,91615,Decoration
JzruB6ybwPgmhZ5euNweVS,399205,Smartphone
K4hCLffyy8Lq3xuDXr4Tue,488251,Cowboy
K7FEvSfPCq94Y7Uzwvju4J,290248,La cafeteria
K7TG3WAZ6ViJaprGP2QFb3,365642,Purse
K9gu6pYzJwwNr2JdCnrRyW,389381,Kiwi
KA3cQWXpQhyGmzPKC9d7jv,474344,Batting
KADU4VuTNvJcaxfcuSWg5s,363840,Camera
KDt9uiMSWXdfqZg8DkfQYP,464358,Sleep
KFfvmbMFji4jPLYSa72ghN,133969,College
KHUiovaE2ZgBkwbt2ADbaN,327605,Fear
KJfQQQhNGQydZ2gdW6dv9A,450202,Meat
KMYPv55YgBCMho3xHBu4GM,137727,Canada
KSBuivjEvKXo6nskDiHPRK,554838,Dairy
KUFqsDY7LxQj86DWy5PV33,232088,Summer
KULnaCXEwqsqxdegDzQRjT,105014,4
KVAeyTAfrvN8fst6NXA6MT,353027,Mushroom
KYHbG5z9mj4H4dAJbzLuQ4,327601,Dress
KatNcK2tJQ8nr2oasRaXoD,320490,Run
KeFdNUyaJPmnR7xeSiPs2u,512330,Beverages
Kg2epvxdD43djHjdN3HBEw,567197,West massachusetts market
KgfkfPqD2aDFJjnZh69oyM,113354,Tails
KpXGPyoqZUqo76FaqZuNXF,62025,Hotel
KqEeneEUHVnoFj9nRYLS3u,63965,White
KqHt4U8oRbES85WARzxU3R,329323,Africa
KtndapoEif4gqUGbYMKim6,126226,Baseball gloves
KwuvnUibgJ9zWpif3UzUtJ,296634,Table
KxDzK3TmVjHrd7PVRGf6AP,189752,To eat pizza
L6och7f34xfLQaVYszfzV7,43581,Sweet
LFz5f9J9ZvERUNtuXm7UJg,377882,Different colors
LGdv7ZFDA5bxdGaYw5XSLZ,129054,Camouflage
LHVciAWegjMeYHxTjEpTPc,330396,Beach
LHeFhpiVsUvAjwDNWJQPfZ,519522,White
LHmjT6smJB8ZerDLp4DJuy,366884,Bedroom
LJ4sDDbqD2hawGCiejEBpQ,411530,Ski lift
LNUVUyUrSmACQeFCKtKq6U,416343,Sand
LWHhV7yq9EbPQXgaXmYEXk,439854,Evening
LYvkz5jUWHpZYkZ8VhxESf,416991,To eat
LaVtN4tgwqXPxzoGfKPQjg,78959,Green
LduCAeBABsAgiTkxMrytDf,62808,Wine
LjrjS6vsP3xXwot5D9eFiD,395180,Rowing
LnBiYuXmqeyEHsquVemheo,417632,Drink
LpbiGZE3yGNeqQXPc8cB7v,178469,Pencil
LqCNzoPHep3XKouS3eUAk6,78170,Window
LqQSkRfPRjbWBwDicmVt5h,515266,Clean
LygyAJXhmSDTBfc6cAtztt,11149,Motorcycle
M24oDREQRXZxbPHeX82hTm,551822,To eat
M3UwocoRkLnvoEsrqhUrRZ,195754,Wagon
M3yABkFk8uMPsVkecGAnZR,227765,Eat
M46zwhVtTDuYcfKTvw5Bsk,292225,Tennis ball
M4bEQ9vKhFhuWXb9nEf76d,145597,Eating
M7GYpdBrUzhDxznbhPebAi,545129,Zebra
MAH3KC3SWvoTum6Ja75hB3,45090,3
MAPPrc68FM8HwQsJHE6W2q,78420,Cat
MDyjdP8Esi9N3eEpLVuwx7,308545,Safety
MFcz9WFowTCRnWEpVdEfiJ,541055,Skis
MLS7svNqmdHua7qB2dvKuq,187055,Us open
MMgmqJzM4kBYppdQX5f3gL,496722,England
MNd63HUuxoKR7oBz6d3zA5,329041,Purse
MRauFRDpB55J3mf5RKCbJH,232649,Taking picture
MWDJi7QGHxkNj2dWNnzE6S,279887,One
MXNuoDzTufsnkH3TEQS9P3,233727,Cold
MYWA3eAGfavXR4ehMz22fV,334767,Race
MajM5Byv84DD34XWtgDTEu,253386,Rottweiler
MdawSWWcrGZdyq4yMLZRMN,181816,City
MdpQEymVqNWnxqPPxPXxvs,42070,J
MgGUyCE42FnnjzSi8wqRBt,415727,21
MgwZ9gzpwfp2xz2oGjemMc,263966,Camera
MiavLRSwBYJp9ooFkFHjv6,352900,Vegetarian
Mj2xTvTMWmPfD2AvR3cDQw,301061,Elephant
MrMKrCttovt9tvMyUYZytj,229849,Continental airlines
MtpJjmnfFfb8pD3fpbvCTq,373353,Across street
MuwkW3j4kYfEZXwWuicLjv,307172,Crust
MvjdGpXqcdaADbsGwjo2Bm,414170,Ski poles
N7m8txH8f6upMQuW8Ek8p8,310072,Hat
NDUEeMTroLKXs44BF3Z56m,140987,Soda
NFMXerxQWMSQACyqHarJre,144984,Battery
NFgfC2sJF3DkFgY58TDpfy,403122,Serve
NFhBeZhrxD3NQADiCfwi92,279730,Coca cola
NMaWJvLKEHntrF2zNxigMq,81988,Surf
NQQEM9mH6viipfoP9kMC6v,381971,Tourists
NYcTJoQKwAGgyi4FB5gAt8,356612,Transportation
NaxFfMbXiDnFeK2TDQpBpL,421757,Coast guard
NkV76CMuvfSYK7MyjLeTKV,204186,Crash
NmKj6PbaycvbudUKgRzibs,568710,Living room
NqPZVF9F8iZ7nXWPUhFTXM,419379,Carrot
NsLGudV3NNLiYhGjCqbw78,23899,Playing wii
NtLrgnLvk747vSc3scsUHn,199236,Knight
NvwixocPuSU8e4uyGqdY9X,237118,Bathroom
NxB3LACrQbQmimYNePAYyK,146363,Relax
NzFEWXcTYWqgrRXUnqVK6h,537506,Yes
P4cavrtzjFu5Ur3DCjn6YK,506004,Spin
P4kW6QHjRQjrDBY2YdCNxg,142472,Cross street
P6oCrLWLEpt8yyJ6x9AbAd,502336,London
P849UYcdPdpuMhsTCbyCuu,507975,Jockeys
P8dF9URdgyA2NX7Na7Cc2K,229311,Towel
PB2RjD5RMSqbGxT9c2cAwU,146825,Mail
PBPtqNj8ChAWcqKW5qxQvR,160728,Round
PCGypGVa3Wc6gUBSHQVWmR,286182,1368
PCU3paJyftQe8M3s4T6ZVd,459272,Nothing
PCavtGPpEZnoW3vRUb2vbM,479126,Smoking
PGrM6kp6herk4ducZoyUUd,191580,Broccoli
PPFTmUK9jTLmCYzJ8UK7Bf,30213,Museum
PPGK4QYUUdYhLhBKKfPCp3,95786,Pottery
PPGegcRPeAJZ58gfYTUAZH,397351,Market
PR3YdLbDHdwHNJENygZqBa,78823,Sunny
PSBwpAo47YDwimGuqy75Pm,426329,1
PSyBiDyNfASh3NPty6sGVq,473219,Marriage
PXXkdGKz45qtjq76Scf9Hj,277005,Train station
PZuvxsHTeR4DzXQN7DQR59,455716,Windshield
PazMPafpzhf5zWhAzzfKG9,300659,Planes
PbFfJju4rM4x4PzP9E3dmq,180751,Bartender
PcWKJUYhqCiRRsF9ecidXy,49810,Wood
PceZftPFbFZ7xbF3urpTvL,359219,2
Pgr2EjnVJiyNjUnPs2qgkg,297085,Curiosity
PhDYZ98CbMyiiLytoTmBh6,194940,Steam
PmWMsFgyX6apXWit2Z87aj,530836,Magazine
PrbWUDZrELd3nWMbQ72MSD,35279,Tennis
PvkdPe2rHmCnyKrzoFjrgy,190236,Play
Px66AnBiMseHFPF94hYP93,369037,Ryu
Q5hfYjQnaxng9vg7QmEqa5,321333,Siblings
Q6BuYZYZySn9YZXf8iBwXD,161799,0
Q7cdndwDheQypkx5d6WvbN,336628,Man
Q8qrsK2VxVXdM3LRKyhi5U,177065,Coach
QBfzUChLwDv8fW2akWWDxP,97679,Snowboard
QJvRFzyGr6FEDrTqLohf7D,28993,Fire hydrant
QKSFmfG3S2PeXAuucEHUam,13348,Tokyo
QMRwRh6Gcy2qkWbZajGUru,33854,Brick
QU5GGV7TZU2xWvdPz946Ka,356387,Bicycle
QWLm7RxL6afwhBVm2WiMV7,492282,Cowboy hat
QWSFPjnNokcHAt3aUzZCTT,150649,Same school
QXpLwCmcjZXSBHQULTdAXu,95707,Icing
QaL6hj3FGdpRMLEAiN6aFY,151938,Rain
QaNQeaARotkH69bbZmrpuA,555972,Glass
QgbaJEnafjdsdWx5ReQAPn,133000,Electricity
QjpYU2U32pH2dPpPoDEreR,78565,Sailboats
Qn9fw2mFC5bWG7CjQvir9s,200162,Stop
Qpu4P46aupMV73vp2wmEGk,25394,Bar
Qqu6VC6u393vD5MFN4nLKC,263969,Marriage
Qs2pN4dnREpNWB3Faxrwfy,9483,Two way
QsW8sBQzRc4Zsxds7WwTJ7,261061,Yard
Qv49BJttrdU8moobFFSe58,260106,Fence
R5zKF5LPj53tXkChG4Mq7M,228436,Bicycle
R6NkFiXvj9TEor6T66JJmM,512929,Sisters
R9V95LVNMqbNuxcHhqktUJ,329455,Chess
RBwzjVcACZNAqMHpPZbv4i,34873,To hold things
RE7AjTGi4wSmoqR4QYLrjB,361730,Triangle
RFLRY32jbKYv8NBsmVtX7x,33114,Water
RFYFh4DWWiKWEQZW6uR4Uh,133244,Tennis player
RHuE3kjsrxziVFTSuHGQTD,509735,Giraffe
ReDe96f2774vpupY23aBCH,188465,Barry bonds
ReR5LFFQDGRsrWasGqvdx4,72852,Pedestrian
RhZ5i6awC44Si9nVyCzBst,367680,Walking
RktS7Pmjx4EvyCUjQB5TSr,340894,Mouse pad
Rpy3Dcuk4GLi5NsNq5Xzgt,161128,Ah
RrQ48CMWPTgqsvg2K4P7eR,569825,Catcher
RsfWYWW4vEUkb5XCQHUKTX,92416,Dock
Rsx7xekwpsg4ZCDwoMoePn,554328,Julie rome
RwYJaSgNVemMYsSkVVKnxu,435081,Red velvet
RwpxKDcMF2E4fdhCjCJNEN,534041,Eat
RxPKF64GYxeyCLiP32aKf5,165039,New york
RxjgZeBYRVwq53iUfWx6pU,40471,Towel
S2UN3nzSfNpeyBMH2GUyCk,70048,Airplane
S5T6eMemksb6hVpMnB8hYf,144333,School
S7PYnsJCcBfWFtnzXnAayU,273493,Hit it
SA8eYDyzQYZXZRykahrGmf,153797,Pitcher's mound
SDfSmLAeRRq77jeB3mdieQ,30828,Jacket
SGt3LAcTjvTtjzjBAtJsCd,474881,Ram
Sd9FAqZwhabNaWzRUftozo,449312,How much do you do?
SdAdWFmnnNenYAp5iLkkSM,125072,Drink
Se8YypiBrjwXhwCmjyDjtK,49761,Wildebeest
SgSpH9dKik4F3kZ9pu2EbH,69224,Donuts
SgqV4mnErEwU75PNQtwqpo,521141,Building
Sk8wJePwpdzCXP4WzjbGdu,262938,Read
SmTPg7HCekgNrHgwnvvYFm,74733,4
SoTQafEnfUD2Y8PJj7uSH5,271728,Remote
SpnBQjkqymWyZ5gEzPTwKu,332318,Cow
SsQakUmPuH7a7w6tvHfNjc,428280,Table
Su4RjX7NpuDbXwjPMBxq9g,15338,Bus
SvWosPQqsqcUBDy2Jzg4hr,182805,Shade
Svs8fentMLQ8L3ApAisjeQ,5600,Meat
Swg6UuWx3sV6rx6mLKYwZz,150638,Cooler
SwkgX6iwJ3do4mFyGFad4H,580294,Spatula
T4VcxwB778ZJZ8ggDRcct6,459809,Clouds
T8Mak9BHbJd5WqH2jhjBZo,409211,Man
T9KmhNREm5oz68KpHDp4jR,376365,Person
TAKCfAy3yDzuEtuq994hdn,60932,Groom
TAwFJVcYrztESePxFhSyAt,427256,Bat
TCXSs2iG5qmduZYmRir2cK,23230,Lake
TP6CLZw55zqvf7ysJUnG2B,580197,Microphone
TU3Jt6U4vLxsHp26fpMWW8,322959,Wood
TWyAuHgJjHojJL8osH3VPw,564091,Selling
Tbna5Srgt6Jbg8hgADabX7,57597,White
TgSTm8wMoywwfop8P7MVSd,126216,Summer
TgnxoGn2URnSnsnWhniwQ9,371749,Dog
TiHYTuQWNZA5Ui4kwswtvh,352684,Black
TifwtbdMUHyamphGv5h8ke,138979,North bergen
TnkZofftZctoj8bFNzg2kH,507797,Elderly
TorF8s9TxEizB8N2ETkwc7,190676,Boarding
TsqMjNDdEXguXzN7puUbW5,292024,Metal
U3vN2kLcHwnX4WfdNGnvxW,182441,Ocean
U5Z3AUf3R9VcDqTFDLGt2c,389812,Asia
UCbMvJEQ5bXNnFJMtybA48,98839,Entertainment
UDeVUh2hQdtougjwZfSviW,298396,12:00
ULATNnxK9NEPMyLLPjSbDs,393093,Asian
ULSq2sLPjbuZY3B2Z6mYjb,534041,Eat
UPhByDxcyegyWfhgbrkTZD,222118,Phone
UQENBDxmJ3GjGcukhY4Pz6,338901,Tiger
US64WDYHmJ3UBhFuwDmcWM,230008,Police
UUjWA8SQGxcai53mEXndiA,570448,Waves
UVVFCjjDrqyaKa34tF54pS,522007,Closet
UXBfDe6BkYdbApxVPSdmVo,335954,Yogurt
UXR5X7hqtMs7BPFyniqscB,94944,Snowboarding
UYMVq2rDCFNVv8gsP6dhdH,446206,1
UYqcgLGSbQXzeDLUj6rZej,293300,Tusk
UcdDMTu4br8uyQPYPQxgo6,460147,Asia
UcsK83RofE8rYDQoLmWhwK,177934,Cleaning
UdzPZ8vzkJg3Bp2pMQP5f2,1268,None
UkRTVsdAmDo7qV28T2qKzs,203294,Tours
UkgASD3jXFSiGpwBf8Nf5y,368335,Parking lot
UpTNoSajrD27GvfoAdVnsC,534664,3
UrWnWqFNL2XNxWBvkt3nLp,331817,X
UuYwpccc3LhURGU3XWuW7i,383606,Bathroom
Uv8wsVRaJmguTknDUJBCXS,314034,Ducks
V4VjJ3eNtgQnM7ZvF2S3iL,413552,Mother
V7eH795GEYSJkaUNCkCp7A,63740,Coffee
VAgkuyL7FuecBgmyumQ6oh,66038,Sun
VDb8JjxzQRA5pssoPHup4M,551439,Fun
VEYdFufFnzaDwFg4HBBcYY,441586,Sitting
VF8AXcb7aXEHcTu4ZWtQf6,429623,Pizza parlor
VJ43YwLMKZXTSbGAg9waNa,436617,Water
VJLpcbF24BNNeHBGBKQp8K,322724,Yes
VK6PNbyq9nq3XXBfdyE6P8,163314,Flag
VKDkZzDN4KTFxGbh2KrgSf,189475,Tomato
VPtWDzT5r9wYAo4xWxHy97,145020,Daffy duck
VSvCeQz6PNuzX6hYisMLe4,410880,Sitting
VTaZmd6DdBAihiinbqNMqk,322352,1
VWfKcAKJSwowZ7bGBCTpc6,50380,Man
VXA5FfMXfSByVYECxCwcR2,533206,Grilled
VZPbBERyU2LCkuew7SrWaw,245513,25 years
VZg6oeEVpweNk9fihBXS8m,290768,Checkered
Va5KLsXWHujm6DtfGdHssS,175438,Afternoon
Vaycw3C7ENGUZ9YnzCz5TU,370677,Oven
VcdLhhv7e9gDP4aHuFPomY,376322,Yes
VdepsSMSGD3FJyBybbLsFD,372819,Exercise
VdwJzCL5W2Sfytj5sRWhvV,484978,Eating
VeQ4KEc2qHLZTXoPaHX4sy,447465,Skiing
VfFoJ6PWrs7H65Tw6eP9PS,409630,Computer mouse
VgxPdtgxpLKqHGCvaCyHcC,201934,Fence
VnvcXjkeZTbMsRfQZwQXUF,416534,Reading
VnzsUW53NRP8HWxzudb4wB,114770,Jeep
VohghyPSQCmFdnNQD2FntC,534639,Train tracks
VsmuTZR6c3jEmk2x73KvRf,192670,Baseball
W3BhSzei6UhVZbxEqQYt5Y,254814,Van
W45wAtdznJWCkxES23Ymmb,356424,Hot sauce
W5p2HmLoUaWjYqMkHyhK8Q,408774,Catcher
W7NENqwhQdUFDHrkxS2Ch6,322610,Window
W9SuEnjPaJ2SReannrgG2Y,560880,Plow
W9gwHYkWiZQ9fTUbF6rJUt,315450,Usa
WBdKcgLeFsoBqW8cqnzsLe,486438,Chocolate
WC8XQmunFHgUyN44J9vNQu,316054,Train
WCss8XpjKYENCSuFCSKUz8,560256,Black
WHkq5C8BiaowwnmsHGAxgf,21503,Butter
WLG7VBozfPSsZPwKjaUXYy,396338,Muslim
WRniXpa5KWfR7D85cwFASi,518770,Wii
WT3fLQWr4Wnj9LaQJ68rri,553669,Park
WTHtfRH2Df4wkMEyR93oQy,293324,North america
WZt7xFyvPGqx93xZmhCFb7,130386,Green
WapXzWUgE3zgx5n3fVGUjS,4134,Punched
WdswpNeyj4t9nbTqRVKKT9,29640,Steaming
WgS2856ezvnQAZMmfrUitJ,308793,Snow
WhPka9j3UV3XKdiqHbupMJ,368961,Ball
WiVE6Ym7B7ZgEZQjBUsA5N,259690,Bat
WnCzZybnZ7YyuDvJ62YLyt,449996,Nissan
WojdRVndpCBeqpSk3roFjk,458663,Fluorescent
Wug9d3qD8PXM2ugMWrbNA5,262440,Vent
Wz68Xn6EZYE34pM3RG2zNH,388056,Batter
XAvbeZ5Rqjf9hb6eDnVNhQ,462756,Summer
XC7LFjtKGWBQRW2FZrXJSn,38829,Coca cola
XJXTjtpd7XoK9uTnTUkHSW,92177,50
XKEx8mEicRSJCpNMsDxGpS,322163,Pizza
XKjvNP3RonaQcJbF2oreHb,376278,Striped
XKnTd4kV5WUcrpNTRg5GJB,112798,Cat sleeping
XLheqq6ar6y8HxdmSZokoi,518326,Sleepover
XMnwGhrkndZXRyKaXNYkAv,301718,Amazon
XR7dA6TKQiFc4QHMYwLDqP,285894,6 feet
XSdfYndeSP25Dm2T5e5Bd4,369541,Human
XYmNkcLb88NVASUfFkcMXC,7574,Milk
XZFLgzvvF4CfTaEbBLCkDV,475572,June
XaVW3KQGzwUPCJeYwr99F6,428867,For sale
XcYCdxp4Javwyxx6cihuSz,270297,Train tracks
XfKzDoDZwVcQqTPF6xzjbs,565563,Parking
XkEu3gmYW23qTivgmHP3fN,269942,Go
XogitwSQqMuD3ABqp25hgF,115946,Street
XpWyazzxv9nAYHcqKswwD7,453302,Microwave
XsmK9BGTpRCeMYeF7Lq43Q,84492,Rail
Xw5HiN4AhQ2Nniw8ZD6LYB,17959,Clownfish
YGzsjNW5NAbf7tFQeufc4e,493284,Tusk
YQ3iE6vHkcuYRWwn3fFd8N,471869,Bow
YRPvUijZr6hbuQgiyVDRqE,433915,Reflection
YVoLEFzggKmLk7ghNNgXKB,491090,Motorcycle shop
YY8z6xFXJJ2nBNWWiijsHP,256775,Toy story
YcY4T8d3SVHEDD4nQJBypg,374982,Tomato
Yf5ytZ8Hnk3NwYSf6YmBnB,451155,Sun
YfFNHQEnioSZJwnStCSHar,405972,To keep them in
YibQmkwXJ4TPVqZjhqmV9r,345941,Powdered sugar
YjzdYbFMe3DLJstKyxejEm,297578,Cigarette
YkmMkPR5sqwoebanrtJNBw,269196,Barbed wire
YkoPwAEMfgMqGRxLyzEXpz,546219,Dinner
YoMKzbxjcp5XHZrxcqj3Pn,284445,Traffic light
YofsNmbN6XCqNdfHTBmzNq,97585,Glass
Yw4eyrH9WvXX8SLfnqmPmX,341973,Donut
Yzs9cYUUiiJWUzXRFsu3Qy,296224,4
Z2wV882FxEjxwqFcbMRM9K,222559,Motor
Z5m3QsQ5uikUE6AwWUufzg,282296,Kitchen
Z5xx32ZiWMMosQmfjqKaGC,218091,Bedroom
ZBUSChQQGFWkXRQZcUxtrM,540962,Sony
ZBZcWNW8gabo3RcNZu7Awj,161925,Cooking
ZBgPFjmtW5mTt7Njdwv6oV,115885,Cat
ZCGhDHZtMcwGAY36U6XwQL,431848,White
ZDyf8aLqsUSUVCTRMk6zAu,229111,Legos
ZH4XEMQDqCEqeyqX8ruMqf,349480,Eating
ZVHGXacRAzycGJbvaZL6WW,50006,Lake
ZVKndGxjdDtnrmsRUfRPxX,129416,Angus
ZVihanJCkC9cEENhpyucEn,542423,Fall
ZWw8aaWWifdcZdMU7Pmgcg,225670,18
ZXpemwU9BnGkBEdj8f6tqD,376112,Ski
ZYdDiWXC3SqAFxW7ANe8Tk,473015,Seagull
ZZaVsZeNSvsTB8M2mFDcqL,520077,Beer
ZdLaJyLJrM3UyQfks4vPz4,515025,Domino's
ZeUzimMiTU6aJb3tFM7ie3,347664,Warm
ZfTC6zzHXSMikD2CDbSrJn,245320,Plaid
Zhx4M3xfkZGgH4dnopMrY2,334309,He is eating
ZjapTLh575MHGLJLdT5wkE,372349,Smoking
Zkx2Q6dT8tpX5CaHAVoLzA,306733,Towel
ZpLohrc8reFQkCjJ3iFQXX,537991,Headphones
Zpnu9g7eUGf6yYwwFN2Hk5,128476,Cake
Zt2TzKJkDQHFrbcPkxNZcA,504415,Ball
ZthUeysacKx2CVGPpNKxe4,540414,Sari
ZtyPK2Y2iMngTE2jBMJQpP,54967,Gas
a2NwsGL4TDKVjb89XHSn5i,344621,Chess
a8KA5MV9JnCTqyHCeKCfEW,369771,Container
aAEJFGA3xJLXv4gMXqCd84,41990,Protection
aC77EkAro3tybKmAJPUAH4,146831,Helmet
aDVS7CNLi2et7Uf7kEEZeQ,117908,Curious
aFoRsjc727Fzy7QCG3DEsP,81394,India
aJHeEgCPQ2LCEwtsZWbd9Q,545100,Crane
aL2mrGutdZCcG5Da5m6avg,57760,Wind
aUgAiwcNTDksCTSB4zLqLx,489842,Christmas
aWbDSeQbZjRdUSg42vfGyi,233238,Paul revere
aX3pLQW2CigHrJVVMETaey,111207,19
aXA73vtTRAUJ79PHaVuhF8,25096,Chocolate
aXNsPe9LnRuqorhKQ9McLC,203931,17
acLP6cnPoWn8iZ9aD6F8ZL,45550,Plate
adCKLgHUzBBhEmMyf8s8tW,474854,Banana
adJ3Kj52nGJVwytjWDJjCA,468632,To catch
adYBVSLgdqCGZjjVacKNGg,118367,Onions
admjQXJJsLpbcEdRVyvVsf,433374,Dirt
akDNCt5XCGvjw33C3ong5d,66817,Dinner
aoF64JjYJnKQaPaTyshZh9,359833,Apple
aoGyPaA6ZWkaQSZYXwdyEw,491213,Ford
apxbVY3Q3arXvhq3DXWFKC,162858,Intersection
avHqQqojSySkp7zg2o7afF,94157,Trees
awiLcr766TJkZENT7kBLBR,84031,Strike
axQQHVN8GNWTHu4B4fzqaF,122217,Crouching
ayLDJwHtkkfkn7twcJRGGo,410456,Hotel
b2photCPzvgmyTJXLzEgbW,319935,White
b57dJ74KfRbDSDzkD8bSWJ,229948,Ireland
b5XoCkzFXxELg4R5SP4uEf,323799,Frisbee
b6tZAg7f28UHbins7nWcpo,221872,Roasted
bAZ4e6x3iLpkJMi8joS9mw,279145,Long
bCewJfNy7SdgVeNaQrbTN9,262631,Ceramic
bDXLr8CDvR6oDCL2xMHV3v,336356,Cheese
bFHUSwTBE33hag9jVm6iJr,173004,Fork
bJibpiu5MQYbPEn4czsCea,151820,Buffet
bTGQFiRVpf3sA2KURQcTQU,495146,Train
bTRUSAypEjzP5XWNW954RK,326082,Living room
bTkroMPt2NzXSUFCPZS823,479912,Parked
bWUR6AzW6CejWi3EG2PZfT,92053,Alcohol
bZ25bkAHbKKbPwPxLq6tgP,85089,Grape
bZont5aBGPxG5hEGcRHk4r,99054,Egypt
bcXERNeXxn8CmkodKezv7X,542856,Picture
bezNeT66zH5bmV9XRsGhcf,424551,Mountain
bf5TyZHVCjmFbsBP9o7qMq,509451,Hat
bf6qUEbh434BJZ3d4MWsU9,89556,Toyota
bfr2EuyWxuSqeL23qocAe4,336209,Wood
bgFM5EQ66AGQWorBoJzymJ,443426,4
bkDub4yWQqeZVboUxpBCAd,172083,Bathroom
bmXjvk9NznKw8jyhjjZuqi,283268,Plastic
bp87frxTcBx6bA7KtzDFp7,580418,Road
bqgrwRMbZtGzixs99Lommf,572620,Skateboard
bsEAp6tE9zHfcQ2ZASJYbZ,296317,Eating
bt6WFDHUBaFadif2oq3h4k,185409,Running
c4kK8bzsKvVyN2KzoAkKpT,89697,Happy
c7bJDbwpd27BqNaJzK9ubb,529939,To sell
cFQCDdKxosyJPfNAGYAd3o,376310,Light
cHj9fNtX8oN4JATDhDUC4T,427034,Dog
cHkTFzqn2VpbUHXky7DhQz,276804,Bear
cJWo8W7BsstCU73xdVW3zF,63602,Print
cRGhffFZWNyQviWrJPmRCg,227187,4
cVAR5Tf2PErGycfZ6JUUEr,494634,Laptop
caoMCyFq9e2eNFohbFzEWN,412894,Stop
ccZR5KJLUyDM8CqyvVVWbj,536947,Square
cctHD6Sgao4mvCUTQ8RLkU,481386,Kitchen
cdRdX2gv29YLpSgqTiWGPt,441543,Lgbt
chXZTHvYp7pFsdQhLyAC9F,1000,Tennis
ciMU7f8NdZMAwQJDmPrmcH,301421,Fish
ckEWdFtXTjmNaM5gGbqQH4,82807,Eat
cm2fk2B2GKPXCLkpzrSxaH,352491,North america
cmDRUcNRtcvVpHzURp8W45,133087,It is nighttime
cmnswk6vTNcnbewMUPmnv8,55150,Happy
cpFBV7cMfv53fdwaaWiWGt,506310,Refrigerator
crFTuf4oK8K3SqFqWe7d8X,165831,Carrot
cw76LXiDncor4xpkaWcaDX,375493,Cats
dEK7AgGqKR96Axjhm22tnL,471789,String
dF3yMTwwWYEDqax7b4n9VX,429011,No
dGNtvZFEJbcK6dbZNuPfPq,61471,Playing
dHBDGPwELp65UFhPhSZyEu,15751,Flying
dLGivwZ7fRpiDAqxkDxd5X,193162,4 wheeler
dTa8nkCw9jfvKMzHmdvYCT,547816,Shower
dYPm6FoCySuwWSw7pPbTKC,430377,Snowman
da6PS4adVsfrcADUNQ8GMx,227511,1
dbC66LJz8ReZjXJJEt7xvW,233771,British
ddjEou8vsFUmvEAvgXxh8n,182923,Photographer
dgiMniYGqfUmHnVDLJdayu,346232,Baseball
dhJDsvTigyVh6W3kHQcMLa,163257,Baby
dohJioF4j23dw6b8AgCxqx,119995,Backhand
dpTTTMowgDYptWd2YZdUT7,94614,Right
dqTfuzYZnbZ4MTNFc9Zkeb,398652,Poinsettia
dsj5pM6cKMWbpv8viqkUyN,463730,Stop
dvvTUCDA3wK4Q9KZKboPgg,148999,Steam
dwxReu6Xio6pQQxjps3Xtj,226147,Cell phone
dzMDeKZdrfarPRuDMg5DPE,398742,Tape
e2tBLmwDciwSoY7nqUsS2D,378244,Balance
e52REttPVvHxGe9H9Y8iya,323496,Usa
e7kbVPy7P3pEp7pBNJNZTU,105455,Christianity
e7mX2aASmkZwAXRiHbK6QZ,273132,65
e8C3zCrRwuZXfsWLB6WisZ,279541,Pizzeria
e8EayGjQkqTfuYyHQRAEBC,259597,Take picture
eB3RtTTsyXa6YKzPMrm4kd,513041,Wine
eBgzKWWRWbkzRJsrfBqGBV,6040,Transportation
eDZFWUyFe832NMLpecBV63,546475,To take a picture
eEb8jhgNYqiJED63DeAKVT,465836,Man in blue
eJTAScNwDH8iedN247LDBV,450075,Shirt
eNrkV5MyWHSeR6F7jbf3Fm,39769,Remotes
eQRQC4E5pZanwwyme6kTJA,298697,Pasture
eTzxabUHi9XjTeaAKr9nz2,84270,Airport
eVSP3pkyjc7WXrz4KPd2rz,58350,Fingers
ec8EjipayMWjJLnwsWsrD3,59635,Surfboard
edgUrxZbEmJboFbFUdBdCm,404923,Bat
ee4bPHg93VdP6dqmUAGtbg,274272,Volvo
efPGEhVYzatJbs8HcmV9rW,213224,Home
egoXFuXgENCZik7xrP9der,363207,Cutting cake
eiLeNz2CFKYS7AFZDXrKEM,250282,School
eiTuwtpwaP6LXCBDdhRfUU,258883,Outside
eknnNjTPL6m3PBzaxLZbbh,509824,Table
epWz8dQzRohUWmTphUjt4p,16958,Fire
epeFzsUCjPeSnj6QjSa9So,361506,Ramp
es4dTSrFkgs2LEtLByV5Fk,426203,Grind
et6akpyxHvFPfKyPNtNzSi,66771,Nokia
f5DyWHCeTdLVN7kHd8zguE,177861,Yes
f5nsFmeqGkf4zfaSVk4ocX,446651,Sister
f64sjY8tRYzCoYyGq2fyem,423123,Eggs
f6veAkmc4fZwqbVmqZxs7z,263463,Back seat
f8zgqNptbviU5cyJpQKege,174231,Laptop
f98CKzuCeHPRkbQSvQ8DWn,429281,For sale
fANoeH2ASUFa5ZeVzBYwjF,9400,Eating
fBAFVnTtnpQ93wUBQAEC8L,256407,Clock
fBq7g59duqhmbqAtjWY5xf,425925,Coca cola
fELKZdaVNLwGEQZByv3jmp,395633,City
fLRvDM4xG4ag8n4JC6CUQz,411938,Teddy bear
fQFRMaUHmiyqntdRxaa8Lf,334399,Roman numerals
fQxikBu5n7M2LWh5xV2BAb,111207,Grind
fQykduWza8cpGuwj3CxHtF,87470,Herding
fRsrJ35b56YXKrbbzs59pn,303499,Formal
fUKdZK7FEHkWsjtLTeajkn,109118,Spokane
fVBJLwGMCV6Dq9cEaGyrq3,509699,Old
fVuz8FFvFG4BEFRwzT5Ppg,422836,Holding suitcase
fVxFwdk685zsCqsk7PvKM3,355257,79
fZVNJLSu2SxMramndCnER8,325347,Tennis
fc9QkXjzTTYvw5oAqRj6H4,461405,Flock
feGFfp3nMKyVUYRboCosh9,272566,Bananas
fgF7yNqEPZiNszHnQZKkxU,463199,Sunglasses
fjqDSmg3254rQUdBJujxZy,329614,Europe
fpF5ZKeP3xrZCP58anLwra,437205,Banana
fpgzreGfZFZQjPFocePhFo,172547,Snow
fucubLgW4kCAtRkT6nDaPa,1000,Trophy
fxWzXTapRBT3NJNiL9yuX6,350122,Children
g5VNWgEAqTK8RdPgfGh9NX,126107,Sailboat
g6FBm6c3vQifeHApcPidEZ,301135,Store
g7xtDFAVrWx9w6DHFgcKkz,492077,Commuting
gBMjiGJJSm7nuM2hmvxURC,474167,Basket
gHLMqJkY93TUV94a7tLpoR,512476,Cereal
gHfctVt5jWCGmTwQyDgebm,260470,Dessert
gNrbLyhKYG8AMtxJTgB7E2,303305,To carry bikes
gR5qY6Tpgq26YAbGrZAwwJ,537153,Beach
gVpcdVA7d4t69Wgw9yS5d9,384670,Tennis ball
gXBksm4FiAGgUDw3a3EUaF,142585,Pedestrian
gYUipbusGScQ7oXEUejBMf,872,Waiting
gaHwkDQUiMLveSnrXFQMms,183709,Crosswalk
gaKyGVP3dVZGGtonfcuK6r,369812,New york
gbDHb3RPHzKdwPsEQP6vxs,276804,Usa
gcedAQnUFuSzQFGSnjixym,183965,Coffee
geoznuKRiPX5hf2he5EgpS,119038,4
gfHjDx5E9L9QMsbgnxSFdm,208423,Volkswagen
gnWMLABzefU4wXEUTXxrVC,120853,Salad
guwEPSB4oc6X2txXJJsomW,344888,Blur
gyf9Y4vh6mVZcbY7MH6fxB,18837,Isuzu
gzytVm5g6vXWY8VDF7tSEr,24027,Right
h4PoYae2w6GRRu2npXvwuK,502737,Skeleton
h4zCFQx6fTvww2Z3rzcq9K,356432,Decoration
h74gXxfogmocHgcRdcoHEg,424721,Apple
hAnVoSeXQksd6ZjSYMBFpA,301563,Skiing
hB2doqSEEeky2XNUEHdz79,16010,Grass
hECCUB8FXovMC5nNPG2itn,98392,101
hGPYsdTTBmP2uYYGodPkkt,141671,Motorcycle
hJe5wYuE8Qr9uuzc9zahBx,177893,Bus
hLHsuNu5R8Hf8xat2DzcDb,198928,Palace
hSrHK8kZfrc6tZgTB7yMmW,78266,Kitchen
hTNJXskvyVHvfhYb7Mdp7X,101884,Car
hUddfx4tZ3KGtSWFbGphnh,78404,3
hUiYQuwqYiQH2xibX65Wss,21503,Butter
hUuZHj9U6dgD53jRBVVYfk,347335,Sugar
hVFNQ63oXdszJvNvWDLoHt,416256,Sleeping
hYJoVHmJ5wehgSYxxAt2Eb,474293,Purse
hZV5fCospVTsaMc27Rbvc4,550084,Tractor
hdZWqnfnTxgxXMZ4AJSWtM,572678,Modern
hgamoABdWM75WAPWU2rCdT,261888,Cow
hikczeyros8C4QajTVYThj,100238,Frisbees
hkMfnT4LEQi4HKPck6FVor,333745,Malaysia
hmfuC58r3K4Yg7EkMxJXXb,104669,Potatoes
hnKD5XstcaNYe6tjb6vCPe,163682,Office
hrbVpGvQvzUsT7sFzWQWXu,570539,Planet
hrzBKUpTCF5Bp7uvJbjv9Z,1993,Purple
hxRkeGBLz5CdxgnXSgiiH7,576955,Hoof
hzfzWaLVz2ASnBBWc77fxG,186345,Seahorses
i2ZhyTn4CzHyVxCjM6JFP5,359833,Apples
i2snYhswVVyhfgxn8DcGnk,180560,Woman
i9MJBUxa64ZL4vaG7hse5x,138550,Parking
iEUBT5a5ajx5MR33EMkQVr,503823,Boats
iL7gMCQ2U2vjmJWoyYc9wn,25986,Foil
iNDT4fYo9xeKBX6TrvtkVR,31093,Fall
iSYpHGY6hdWo6qLQBbrENX,438304,Serena williams
iXYYsBAjutihbRQuT3LVzn,264535,Reading
iepNGdTWvJFnPbHVTuKmLw,230362,Sailboat
ijeUcdVFHVYtTABEpPYJCR,292236,Military
inA8DF895bDbH7gLhXnenH,33368,Nike
ioNZxNbwvEagLBwSYCmVkU,505565,Stork
iq9BaDbmL7bZfnXELtibFz,386912,Desktop
irhkgQFLQikZ9fY6LfKbKN,357816,Nike
iriWmuGxQfwS4Uj8UE2ojD,379533,Africa
isR9iC8cxoXvYQYBacRuzc,185802,Very ripe
j3G4tBe5ga2sVPS2yWYbFM,37988,Serve
j4usZ4NoJf62hcBq4GCBc7,3845,Chinese
j5HvFYT7fQSpvcuwoY7495,55167,American
j5j6LUEzw383spcNXi7XhT,279278,Skateboard
j6AP78GdCUYqzaxWmNS5MX,479155,Produce
j6q58xPaDShNBgnj2kKpAP,425227,Beach
j9ix7Egb5KJ7PkXttbbtdC,472375,Sitting
jDicosLUWpypTQmQkRhC4W,483667,Top hat
jE3TsyErJ4eD8rPhTzBzb6,520910,Looking
jENRJNFPp8S9aqLGkRfkiU,463618,Living room
jJtrzZ4RRXKH8SSVmgw8tp,298251,Field
jK2QtNn8nC2mC2E57bZv7L,394510,Fall
jKMHHLCYMYAARWrY2r4KHW,201072,Left
jMvTvShVbt7rP82s3rRXxf,581206,Gloves
jQLQXdTab2NMEr4CHskSjQ,534827,Motorcycle
jQjEGnnPzL4AVqfBAfHvjq,163118,Gym
jRxbsCVJxNtUMvsEBfpTaE,42178,Freight
jT7i37wypejYFkuDY3xLLg,278463,Highlighter
jVXbihURQxsHwkTVByGBKj,332351,Surfboards
jZ6AjasusNaTDooYZHPv6L,546964,Living room
ja6pMKAxBoEM6Q9tvtsmMA,356347,Metal
jb2M9hwaHvK2itZac5i4tb,531495,Boats
jbdEbFFZDtMSrD3h32SFAp,448263,He is catching ball
jfuLWvGbtvRTnLYAPEE8pi,569917,2
jnEMGAZLdvFn9ZgBYUbAUX,223747,Wake up
jnuckE6W2YqaueH7XL4ogy,534673,Tour
jqhSWKF72XwtaJGZH7XbS9,58539,1
jtqcU9Q9ToadtKDFM8p7mP,578871,Rice
jvRoVpT79gh4dBU94qtsK8,160556,Microwave
jyrnj3VZZGHVf5gYxzYmxA,2685,Wine tasting
k3XafzjyDZn8GCzcH9BE5g,74209,12
k8WjRvSCus9iQjUV6mPbCQ,365745,Beer
k8y3RfpAYmSuXDkcpiDQrx,567740,Skiing
kHb4MjmU3bZTRY5qJSrZe7,127530,Backhand
kLeQDtR5HUh6L8dbvEzhGe,159791,Stove
kP9etcrALtsYL363dVhT5Y,274687,Handlebars
kZWuYe4HefJH33d7GCb4Tk,99053,Chinese
kaocqcY3CESTstFs9Bd4Pg,133645,Evening
kgUHGxPt2H4SrR5Nb9be44,260470,Sweater
khkvYrTt2t5MTJyJvBNiDR,309678,Tomatoes
kkSpeDk4MgZ6g4KPcyS5Lc,445248,3
kpuykmWTony3CofsE8S8Dt,338625,New york
kqVKk7x35jEP3uXnZR3wBf,121242,Holding
kqxqUW6zqryU2Cu2oz46fH,439715,Boots
ksqkKgifofmUwDS94V5ggP,430056,Bread
kyKhGsfSaSgAxrLEqyWgqq,182441,Seagull
kzYUWLK5ajb3LRzgYcCFXc,395801,Parking
m2mA48VKETDDYeJKgD5qSx,18380,Family
m4BSqisXuHjv98qLTDT2NE,109916,Baking
m4HzZ8497MsdVCT3HWMJA2,357941,Rotary
m5WdqTRtUoKxbPMBxJRUtg,215723,Parking
m7QwuD24FiwpWgFgkzBb7M,47571,Woman
m8XZ5DnesmzfsjwMhMsbfe,476787,Cheese
mAt78gqtxnGgcVGrA4tHN5,98520,20th
mDPZ2AJQQx7b6CASimGgGD,315187,Hardware
mEmUcZuHB6GamJkfCAwtsD,37751,Mountains
mNNi2tGdk9CvAdHYyZekG9,237517,Outside
mQ4rtN2j9oECfTdyWEczjX,121744,Stretch
mQ5TJVLswrNGGP3La64Erc,54123,Eating
mQJZ2QZgUf2uzSoLNyFn8w,107226,Dog
mR37Xa62rp3FvidP5ppgCc,53624,Elephant
mTeNP8rQAWywyEL6BxJzMr,61333,Read
mWHEDu3pfYCy9FwrW5Qkt2,484404,Leather
mXqJFvpNahd3xSBSMLqk9M,337498,Cheese
ma7Jzg4NKgXtp5cBVh4kFP,450488,Bedroom
mcfejYn8zoagoF5VgNuR2F,541773,Wine
mdsQntNbjZRukzkyyHaD8T,50149,Peel
mdxki75RbHjL4kGrUbbSY2,213605,San francisco
mhLhbPavrBpfdknacMN7GL,368684,Living room
miQ67PB4K4pA5v37BoLda9,283717,Microwave
minwD4A8mxqhLxMHjfniKy,290248,Chinese
mjCY6VtSoZiKbBKKx3YuLZ,19402,Eating
mo9chSC5Km6Nu3Dg3mwrX6,279774,Babe ruth
moDoPYYpw2bSfSdDnFnut9,93353,Hot dog
mxJ9HhWF4QbrG97rdsY7Pe,283520,Forest
myZ67NZGoYaNEa8kADF8rV,67616,Winter
n2V3ufCHusHxHg3doMLfoT,176901,Fell
n2aTnUjkSkZPZEWK8S6T9Q,520009,Reverse
n3EWd223KWajDuTgFCGZmw,215114,Refrigerator
n3pP3X6CbTGfsNu52Eujfm,57232,Wood
n94Br4ZABpt9F8AeBnAaQK,15497,Camera
nKwQobxEKFkMGtc8DcQ5Ju,55528,1
nPTyUSa2BpdW7QXX7eKxpv,291791,4
nPhzzycXaUKH9UGFjCjsKQ,79588,4
nRteor62jdHkABoiGEqDoS,410878,License
nSKBbRdixLP5o5mr8W2VBJ,376625,Trolley
nVg8yTiMtqm4VmDPRDPhLB,178028,Dry hair
nWKHkqWrAhfXG7eRWGX8B5,493905,Match
nbKEZAsRQ7mimyjkQYFn6d,344909,Fire department
nejsAgBentBTfKxMaELBsr,147415,Write
ngQSEzXpxxTNJ4mVQxD9JM,565877,Laptop
nhdJhq3kPGKBKMx4FCvXUs,213830,Tennis court
nidoPGHJpvjJLkJWzxWUng,281693,One world
nif2rWzKpmykkka2moeA3e,320743,Riding
njzRWp6op4a49j3UtEjEFo,122962,Birthday party
nkstSbXoxcYyHbvBbKvZtV,433515,Rainbow
nmLBpYK7TqpwcCnkYbL2Tr,535156,Playing
npMJUgqcniPJuZPEh7mP3t,465675,Boat
nqDVieEVdjDt3CELi7g5Zh,326970,Texting
ntQQ9FVL9GKUoT2WvCWiHD,231088,Wire
nz5BRooQteeNkQ2by7nGyU,141821,Water
nzNFFqRxL3q4gJf2iXRMtT,476770,Glove
o5Pf29Ro76nufH3SYS49LM,536073,Margarita
o7YUWt5CppEBSMU9tUszUZ,7088,Rain
o7eySiU8AwFHu3Lgp5xoK9,288862,Handstand
o9RMCCdLoYDGb6oR8Z3yvi,341681,Grass
o9UdSvT8pgAVAQCkm8XPdz,463849,Canal
oAL5LQnAH9sB2oMiAmxsbq,489305,Fruit salad
oCwi6S3N5sKMdGtLLocG4p,64718,James ward
oGPSzHdRANrLhhyZLbbqNf,181666,To right
oJD9cm8E2JFszgzyPjaVgn,508730,Siblings
oNbHrnMXrskfw3TXzZ2QUp,80932,Pizza
oUJexrTXPEKNEATboAHaAA,157767,Breakfast
578p2wBoYH5uozEuVypCEw,173799,Elephants
CijjLDFS7tQM9TcoWMr2Ai,410712,Wells fargo
DD26xWreRvVu7ZDimAYL3e,6471,11
DD4oNBRHkHMzFGGVpdmrJi,187734,Legs
DdkfCj4NDiSSSVhqbtwCY2,73702,Rain
MAeoFJtYupeza6U6eeTWRc,473237,School
NRg96YBDgRbc5zFqdhKCC4,108026,Control
PK5o4oqyymgbmrsrLkF2Hw,548339,Nike
QfzADtoknvheZQ3r9o4XWa,152686,Fit
SkThfxuJxxSm39tNSA4FmQ,172648,Construction
TCqWeX5SXeeUmMjqkWnbSz,96493,Remote
UY4enMq3yMvLG5oAXZQVQL,323263,Fruit
WrPmpcpv5q8Drcc8xwkak9,235399,Moving
Y4KDhiu2MeKojYumTWRevx,348881,Hose
YgiqkypFRQHVYHqieDPN9u,447088,Yes
a4WQwPgnKUrGfWf3T2vpxE,323355,Happy
a5oWkZ7rkxNTvRLkk3ousT,230450,No
b6kMEJD9bLnsJksyGqZgcR,478862,Usa
c6Lei76FbsSgEKViCU2Kc5,554291,Playing
eHoQtRmsLAC3Ggzm5jKPXA,154644,Cigarette
eYDDWRpmaNrFZDRCNs6c5z,181542,Chanel
iTeGLgJNuQjkRqeTmKwWLs,261732,F
kGn5XFpkwvtJNrUnPLSzwm,407943,Umbrella
mK6UjDvYm6Wzn75aaaSEdF,166277,Dirty
mZGqAwu28rKDYShh6mrTz7,399462,Wind
n3q6CBsJfobMm4vAqMGi38,38678,Bagel
2UqDdmoKsLVD4Vt2qeMFds,456015,Horses
2gD7ih9AsXq7BmRBn57jv5,526706,Angus
3wvvpLQuiKWmKy5RHKESEC,329447,Herding
4XAzPXBEk6aZHFvdPTKdjH,429761,Shaking hands
4YdWSrT4x9p78GxJhf6vis,393226,Watch out for ice cream
6GNHDAUJnk4GUrW6x4AJwF,504635,Grass
7Q2MqmLkDhRu93vhjMPJXJ,13546,Skateboarding
8a5uCKsjUC9vtK2i7Amh28,70739,Tongue
9y2mxyvd3BxHofPfXKjG67,437898,Calendar
A4pTVyj6FszUQtpyuwuEs2,203580,Ice cream
ANzKkT7BMAmz62TWUSbPNn,537827,It will go out of bounds
B97VhjPyWdn4pXT5SvQybF,214200,Animals
CCVav8uwNeAerpwiN2jbcx,462576,Scrambled
CY5ZZbpJFTLSwMbjGybzpS,579158,Emergency exit
CfaSzNgDy23yuC4X55XVmn,328030,Skiing
F8Df2XjGi87XQBkJNa79Ka,245026,Bakery
Gv6voFmtsboJcuT7NppWmh,439623,Rust
H6tcAFjWHYBPUpyvG5PVrv,132329,Cold
KGhKWAGTj6kUsxSUHDH8t5,210520,Candle
KMF7Ym9gSvVVJ5QoLtTpt6,427160,Tag
Kn65sKCZq6EBQWNdQB469p,125936,Banana
MqCKsUbTPGQJxLL75tGc5F,486104,50
QH2k6NnZ5DxMLEeQQF8net,482719,Plum
QqviUwQkfAndzidCzfJFKS,280710,Sightseeing
R647v79wCuGwSJmeooBxyY,155443,Wait
RAq5ExoFdoDbbU97rvFYfZ,123213,Dodgers
RBTyZFjfaXXGuDBCesAqcV,447917,Nike
U2c5ooPZTZY7cc6xGBcFuM,18575,Salt
WmFJXxTJibdaLUQiLHKPNg,56127,To keep floor clean
Wsm6n4QiLcUf8UEmRUCdNL,277197,1970s
WwzDYpWLZsus6tMdSzVhWk,507223,Catcher
XPhow2MD6num6LkVWv2WDC,180101,Make wish
ZQKmx3C4YgDDUWd34gaPhS,417249,Business
Zg7XNQn9CZt3jkATUMXFhp,127270,Ponytail
a7EiGZsffnAC9nVsb9Y7AY,462031,Right handed
ab8eLKrdMaUhKCHtrDknSy,287291,Crossing
aqnbMDKEYEGFpVGpxuM6w4,380706,Traffic
bDqH62XFybrPPhHAUCbPHb,481390,White
cEtogP8bKLXGuFtxeEqkvZ,147338,Angry face
gurW28uKknkS6kmv6aPa6X,45472,Stick is black
iEWtnFwjAXAqCFXiopTTZs,578545,Pregnant
iGmzkJ63JuV4MwnQo2B6Jb,127092,Parking meter
iXG9vTJKiKBbMcgyngPRpH,479030,Brakes
mf7iP3eaca7zncQHvBLbEF,345397,Apple
n6paCuMnYEcapWb2TqLYoa,313588,Plaid
nZANMFWTuwNWznuT9RBNXr,369751,Pedestrians
